location	bytes	qualifier	object
src/game.c:209:11:obj_init	832	static	game
src/magma_quests.c:115:5:magma_quest_claim	576	static	magma_quests
src/southern_quests.c:108:5:southern_quest_claim	568	static	southern_quests
src/underwater_quests.c:106:5:underwater_quest_claim	568	static	underwater_quests
src/equipment.c:208:10:equipment_claim_many	544	static	equipment
src/magma_quests.c:152:12:teaching_gear_status	520	static	magma_quests
src/game.c:262:6:draw_floating_hud	360	static	game
src/gear_runtime.c:133:6:game_draw_health	320	static	gear_runtime
src/regional_powers.c:23:5:regional_power	304	static	regional_powers
src/creatures.c:1416:37:admission_query_validated	232	static	creatures
src/game.c:624:6:render	208	static	game
src/creatures.c:1401:5:creatures_collection_coverage	152	static	creatures
src/gear_runtime.c:145:6:game_draw_weapon	128	static	gear_runtime
src/save4.c:262:5:save4_store	128	static	save4
src/save5.c:905:5:save5_validate_revision	128	static	save5
src/magma_powers.c:255:13:damage_paths	120	static	magma_powers
src/magma_puzzle.inc:16:5:magma_puzzle_move	120	static	magma_game
src/save5.c:1124:17:scan_run	120	static	save5
src/gear_menu.c:78:15:gear_menu_draw	112	static	gear_menu
src/magma_game.c:122:10:magma_game_input	112	static	magma_game
src/southern_powers.c:378:5:southern_powers_intercept_shot	112	static	southern_powers
src/southern_powers.c:464:6:southern_powers_tick	112	static	southern_powers
src/game.c:267:6:draw_actors	104	static	game
src/game.c:347:11:enter_room	104	static	game
src/gear_runtime.c:78:6:game_attacks_reset	104	static	gear_runtime
src/northern_powers.c:220:5:northern_power	104	static	northern_powers
src/save5.c:1353:12:load_internal	104	static	save5
src/south_game.c:156:10:south_puzzle_beam.part.0	104	static	south_game
src/southern_powers.c:236:5:southern_power_side	104	static	southern_powers
src/underwater_powers.c:203:38:field_stroke	104	static	underwater_powers
src/underwater_powers.c:306:13:geometry	104	static	underwater_powers
src/underwater_powers.c:471:6:underwater_powers_tick	104	static	underwater_powers
src/equipment.c:135:5:equipment_validate	96	static	equipment
src/game.c:145:6:rect	96	static	game
src/game.c:251:11:region_pixels_actor	96	static	game
src/game.c:374:11:start_game	96	static	game
src/game.c:698:11:refresh_campaign_props	96	static	game
src/magma_powers.c:331:6:magma_powers_draw	96	static	magma_powers
src/northern_quests.c:55:5:northern_quest_claim	96	static	northern_quests
src/south_game_draw.inc:78:11:south_game_draw_overlay	96	static	south_game
src/southern_powers.c:361:12:span_damage.constprop.isra	96	static	southern_powers
src/underwater_game_draw.inc:27:18:draw_trial	96	static	underwater_game
src/creatures.c:853:5:creatures_catalog_validate	88	static	creatures
src/equipment.c:266:10:equipment_preview	88	static	equipment
src/gear_menu.c:59:5:gear_menu_input	88	static	gear_menu
src/regional_quests.c:60:5:regional_quest_claim	88	static	regional_quests
src/southern_powers.c:152:13:crescent_refresh.part.0	88	static	southern_powers
src/southern_powers.c:523:6:southern_powers_draw	88	static	southern_powers
src/underwater_events.inc:21:15:underwater_game_prepare_event	88	static	underwater_game
src/underwater_game_draw.inc:24:13:shore_contour	88	static	underwater_game
src/underwater_powers.c:126:13:stroke_world	88	static	underwater_powers
src/creatures.c:1555:17:grant_validated	80	static	creatures
src/game.c:462:6:update_enemies	80	static	game
src/magma_game.c:71:12:line_clear	80	static	magma_game
src/magma_game_draw.inc:17:11:magma_game_draw_overlay	80	static	magma_game
src/northern_powers.c:377:13:draw_line	80	static	northern_powers
src/save5.c:949:5:save5_validate	80	static	save5
src/southern_powers.c:501:12:draw_line.isra	80	static	southern_powers
src/underwater_powers.c:215:38:field_overlap	80	static	underwater_powers
src/underwater_powers.c:244:13:path_tip	80	static	underwater_powers
src/creature_admission_job.inc:173:10:creatures_admission_job_commit_evolution	72	static	creatures
src/equipment.c:294:10:equipment_equip.part.0	72	static	equipment
src/game.c:204:6:obj_upload	72	static	game
src/game.c:243:11:init_sword_tiles	72	static	game
src/game.c:586:11:draw_route_map	72	static	game
src/magma_powers.c:160:5:magma_power_side	72	static	magma_powers
src/magma_quests.c:216:5:magma_trial_complete	72	static	magma_quests
src/northern_powers.c:341:6:northern_powers_tick	72	static	northern_powers
src/progression.c:190:13:number	72	static	progression
src/save4.c:222:12:current_bank	72	static	save4
src/save5_preflight.inc:79:10:save5_preflight_step	72	static	save5
src/southern_powers.c:200:17:aimed_target	72	static	southern_powers
src/underwater_game_draw.inc:6:13:ring	72	static	underwater_game
src/underwater_powers.c:151:12:on_segment	72	static	underwater_powers
src/creatures.c:1083:5:creatures_instance_validate	64	static	creatures
src/creatures.c:1607:10:creatures_grant_story	64	static	creatures
src/equipment.c:229:13:derive_refs	64	static	equipment
src/equipment.c:311:10:equipment_discard	64	static	equipment
src/game.c:163:6:sprite	64	static	game
src/game.c:172:6:line	64	static	game
src/game.c:585:11:wordmark	64	static	game
src/game.c:704:6:draw_campaign_actors	64	static	game
src/gear_menu.c:24:13:digit_blit.constprop	64	static	gear_menu
src/magma_powers.c:110:13:refresh_one	64	static	magma_powers
src/magma_powers.c:127:12:on_path	64	static	magma_powers
src/magma_powers.c:151:12:aim_point	64	static	magma_powers
src/magma_powers.c:289:5:magma_powers_intercept_shot	64	static	magma_powers
src/quickparty.c:65:13:card	64	static	quickparty
src/save4.c:192:12:decode_legacy	64	static	save4
src/south_game.c:208:10:south_puzzle_receivers	64	static	south_game
src/southern_powers.c:308:5:southern_powers_approach	64	static	southern_powers
src/southern_powers.c:328:6:southern_powers_weapon_hit	64	static	southern_powers
src/southern_quests.c:159:5:southern_trial_complete	64	static	southern_quests
src/underwater_events.inc:3:17:queue	64	static	underwater_game
src/underwater_game_draw.inc:25:13:frond_fold	64	static	underwater_game
src/underwater_powers.c:188:12:field_box	64	static	underwater_powers
src/underwater_powers.c:447:5:underwater_power	64	static	underwater_powers
src/creature_admission_job.inc:104:5:creatures_admission_job_step	56	static	creatures
src/creature_admission_job.inc:148:30:creatures_admission_job_commit_grant	56	static	creatures
src/creatures.c:1793:17:evolve_ready	56	static	creatures
src/game.c:239:6:obj_commit	56	static	game
src/game.c:400:5:solid	56	static	game
src/game.c:501:6:update	56	static	game
src/game.c:564:11:draw_south_map	56	static	game
src/game.c:565:11:draw_magma_map	56	static	game
src/game.c:566:11:draw_north_map	56	static	game
src/game.c:567:11:draw_region_map	56	static	game
src/game.c:568:6:draw_world	56	static	game
src/game.c:588:10:quest_id	56	static	game
src/game.c:648:5:campaign_power	56	static	game
src/game.c:673:6:fire_fan	56	static	game
src/game.c:718:6:draw_campaign_background	56	static	game
src/gear_runtime.c:109:12:arrow_target	56	static	gear_runtime
src/gear_runtime.c:84:6:game_attack_update	56	static	gear_runtime
src/magma_powers.c:194:17:geometry	56	static	magma_powers
src/magma_powers.c:56:12:clear	56	static	magma_powers
src/magma_puzzle.inc:14:5:magma_puzzle_solid	56	static	magma_game
src/magma_trials.inc:28:17:trial_mark	56	static	magma_game
src/northern_powers.c:140:12:hurt	56	static	northern_powers
src/northern_powers.c:184:13:washback	56	static	northern_powers
src/northern_powers.c:54:12:clear_segment	56	static	northern_powers
src/progression.c:301:6:progression_draw_confirm	56	static	progression
src/regional_powers.c:46:6:regional_powers_draw	56	static	regional_powers
src/save4.c:118:12:validate_fields	56	static	save4
src/save4.c:177:12:decode_bank	56	static	save4
src/save5.c:592:12:magma_sources_validate	56	static	save5
src/save5.c:664:12:history_campaign_validate	56	static	save5
src/save5.c:734:12:history_quest_campaign_validate	56	static	save5
src/save5.c:850:12:history_equipment_claims_validate	56	static	save5
src/save5_underwater_policy.inc:39:12:underwater_sources_validate	56	static	save5
src/south_game.c:296:12:field	56	static	south_game
src/southern_powers.c:56:12:clear	56	static	southern_powers
src/trials.c:63:6:trials_draw_background	56	static	trials
src/underwater_engine.inc:24:11:draw_underwater_map	56	static	game
src/underwater_game.c:232:10:underwater_game_field_hit	56	static	underwater_game
src/underwater_game_draw.inc:26:13:medallion	56	static	underwater_game
src/underwater_game_draw.inc:50:11:underwater_game_draw_overlay	56	static	underwater_game
src/underwater_powers.c:142:13:rectangle	56	static	underwater_powers
src/underwater_powers.c:70:12:clear	56	static	underwater_powers
src/underwater_quests.c:199:5:underwater_trial_complete	56	static	underwater_quests
src/underwater_transactions.inc:185:10:underwater_job_step	56	static	underwater_quests
src/underwater_transactions.inc:51:10:underwater_job_begin	56	static	underwater_quests
src/underwater_trials.inc:50:18:trial_walk	56	static	underwater_game
src/weapon_actions.c:122:6:weapon_arrow_tick	56	static	weapon_actions
src/advanced_powers.c:20:12:segment_clear	48	static	advanced_powers
src/advanced_powers.c:28:6:advanced_tick	48	static	advanced_powers
src/advanced_powers.c:32:6:advanced_draw	48	static	advanced_powers
src/creatures.c:1116:5:creatures_instance_validate_revision	48	static	creatures
src/creatures.c:1139:12:party_validate	48	static	creatures
src/creatures.c:1200:5:creatures_roster_validate_revision	48	static	creatures
src/creatures.c:1537:5:creatures_party_set_requirements	48	static	creatures
src/creatures.c:1629:5:creatures_apply_story_floors	48	static	creatures
src/creatures.c:1648:5:creatures_migrate_legacy	48	static	creatures
src/creatures.c:1690:5:creatures_credit_event	48	static	creatures
src/creatures.c:1745:17:can_evolve_edge	48	static	creatures
src/game.c:226:6:obj_add	48	static	game
src/game.c:477:10:shot_segment_clear	48	static	game
src/game.c:478:6:update_shots	48	static	game
src/game.c:560:11:copy_region	48	static	game
src/game.c:561:11:copy_south	48	static	game
src/game.c:562:11:copy_magma	48	static	game
src/game.c:563:11:copy_north	48	static	game
src/game.c:613:10:reuse_modal_bitmap	48	static	game
src/game.c:723:5:main	48	static	game
src/gear_runtime.c:101:5:game_melee_hit	48	static	gear_runtime
src/gear_runtime.c:80:12:clear_path	48	static	gear_runtime
src/magma_powers.c:108:13:line	48	static	magma_powers
src/magma_powers.c:280:5:magma_powers_melee_guard	48	static	magma_powers
src/magma_quests.c:169:5:magma_field_recruit	48	static	magma_quests
src/magma_quests.c:189:5:magma_branch_recruit	48	static	magma_quests
src/magma_quests.c:202:5:magma_trial_status	48	static	magma_quests
src/magma_trials.inc:54:17:trial_power	48	static	magma_game
src/progression.c:274:5:progression_menu_input	48	static	progression
src/region_game.c:105:5:region_game_solid	48	static	region_game
src/region_game.c:308:18:numeral.constprop	48	static	region_game
src/region_game.c:346:11:region_game_draw_overlay	48	static	region_game
src/regional_powers.c:21:12:clear	48	static	regional_powers
src/save4.c:235:5:save4_load	48	static	save4
src/save5.c:1405:10:save5_step	48	static	save5
src/save5.c:383:12:quest_campaign_validate	48	static	save5
src/save5.c:714:12:history_quest_fields_validate	48	static	save5
src/save5.c:808:12:history_creatures_validate	48	static	save5
src/south_game.c:343:17:trial_mark	48	static	south_game
src/southern_powers.c:287:5:southern_powers_melee_guard	48	static	southern_powers
src/southern_quests.c:144:5:southern_field_recruit	48	static	southern_quests
src/trials.c:40:5:trials_try_push	48	static	trials
src/trials.c:72:6:trials_draw_actors	48	static	trials
src/underwater_engine.inc:23:11:copy_underwater	48	static	game
src/underwater_game.c:119:10:underwater_game_request_enter	48	static	underwater_game
src/underwater_game.c:99:19:underwater_game_clear_box	48	static	underwater_game
src/underwater_powers.c:141:13:stroke	48	static	underwater_powers
src/underwater_powers.c:170:12:contains	48	static	underwater_powers
src/underwater_powers.c:404:13:push	48	static	underwater_powers
src/underwater_powers.c:493:6:underwater_powers_draw	48	static	underwater_powers
src/underwater_quests.c:159:5:underwater_field_recruit	48	static	underwater_quests
src/underwater_trials.inc:10:17:begin_trial	48	static	underwater_game
src/advanced_powers.c:23:5:advanced_power	40	static	advanced_powers
src/creatures.c:1199:5:creatures_roster_validate	40	static	creatures
src/creatures.c:1476:30:creatures_grant_admitted	40	static	creatures
src/equipment.c:188:10:equipment_claim	40	static	equipment
src/game.c:414:6:move_player	40	static	game
src/game.c:470:6:update_boss	40	static	game
src/game.c:634:5:campaign_interact	40	static	game
src/gear_menu.c:34:22:number.constprop	40	static	gear_menu
src/gear_menu.c:74:13:heart_number.constprop	40	static	gear_menu
src/gear_menu.c:77:22:stat	40	static	gear_menu
src/magma_game_draw.inc:27:11:magma_game_draw_journal	40	static	magma_game
src/magma_powers.c:249:38:hit_chapter	40	static	magma_powers
src/magma_quests.c:105:10:magma_recruit_level.part.0	40	static	magma_quests
src/magma_quests.c:94:5:magma_quest_objective	40	static	magma_quests
src/magma_trials.inc:27:17:begin_trial	40	static	magma_game
src/north_game.c:195:11:north_game_draw_journal	40	static	north_game
src/northern_powers.c:149:13:radius_damage	40	static	northern_powers
src/northern_quests.c:37:5:northern_quest_objective	40	static	northern_quests
src/northern_quests.c:47:10:northern_recruit_level.part.0	40	static	northern_quests
src/progression.c:108:6:progression_refresh	40	static	progression
src/progression.c:86:6:progression_selection_changed	40	static	progression
src/region_game.c:114:10:region_game_try_push	40	static	region_game
src/region_game.c:225:10:region_game_power	40	static	region_game
src/region_game.c:274:11:region_game_tick	40	static	region_game
src/region_game.c:309:11:region_game_draw_journal	40	static	region_game
src/regional_powers.c:32:6:regional_powers_tick	40	static	regional_powers
src/regional_quests.c:40:5:regional_quest_objective	40	static	regional_quests
src/save4.c:244:5:save4_has_valid	40	static	save4
src/save5.c:351:5:save5_quests_validate	40	static	save5
src/save5.c:492:12:quest_creatures_validate	40	static	save5
src/south_game.c:390:10:south_game_interact	40	static	south_game
src/south_game.c:730:11:south_game_draw_journal	40	static	south_game
src/southern_powers.c:218:5:southern_powers_aim	40	static	southern_powers
src/southern_quests.c:77:5:southern_quest_objective	40	static	southern_quests
src/southern_quests.c:88:10:southern_recruit_level.part.0	40	static	southern_quests
src/trials.c:53:5:trials_power	40	static	trials
src/underwater_game.c:240:11:underwater_game_tick	40	static	underwater_game
src/underwater_game.c:67:17:offer	40	static	underwater_game
src/underwater_game.c:68:17:objective	40	static	underwater_game
src/underwater_game_draw.inc:5:13:outline	40	static	underwater_game
src/underwater_game_draw.inc:61:11:underwater_game_draw_journal	40	static	underwater_game
src/underwater_powers.c:181:12:field_point	40	static	underwater_powers
src/underwater_quests.c:176:5:underwater_branch_recruit	40	static	underwater_quests
src/underwater_quests.c:85:5:underwater_quest_objective	40	static	underwater_quests
src/underwater_quests.c:96:10:underwater_recruit_level.part.0	40	static	underwater_quests
src/northern_powers.c:121:6:northern_powers_reset	36	static	northern_powers
src/save5.c:317:12:quest_fields_validate	36	static	save5
src/underwater_powers.c:252:13:trace_at	36	static	underwater_powers
src/creatures.c:1390:12:coverage_scan	32	static	creatures
src/creatures.c:1509:5:creatures_party_set	32	static	creatures
src/creatures.c:1591:10:creatures_grant	32	static	creatures
src/creatures.c:1722:35:qualified_trial	32	static	creatures
src/equipment.c:117:5:equipment_reserved_validate	32	static	equipment
src/equipment.c:261:5:equipment_derive	32	static	equipment
src/equipment.c:56:5:equipment_catalog_validate	32	static	equipment
src/game.c:154:6:box	32	static	game
src/game.c:155:6:text	32	static	game
src/game.c:419:5:fire_shot	32	static	game
src/game.c:432:11:ability	32	static	game
src/game.c:556:11:draw_sword	32	static	game
src/game.c:558:6:copy_overworld	32	static	game
src/game.c:675:6:campaign_boss_update	32	static	game
src/gear_runtime.c:66:6:game_enemy_hurt	32	static	gear_runtime
src/gear_runtime.c:83:12:chapter_hit	32	static	gear_runtime
src/magma_game.c:127:10:magma_game_interact	32	static	magma_game
src/magma_game.c:204:10:magma_game_power	32	static	magma_game
src/magma_game.c:210:17:boss_damage	32	static	magma_game
src/magma_game.c:211:10:magma_game_weapon_hit	32	static	magma_game
src/magma_game.c:86:10:magma_game_enter	32	static	magma_game
src/magma_game.c:93:10:magma_game_prepare_save	32	static	magma_game
src/magma_powers.c:188:5:magma_powers_aim	32	static	magma_powers
src/magma_powers.c:320:13:draw_at	32	static	magma_powers
src/magma_powers.c:88:6:magma_powers_reset	32	static	magma_powers
src/magma_return_job.inc:24:10:magma_game_request_return	32	static	magma_game
src/magma_trials.inc:34:17:trial_interact	32	static	magma_game
src/north_game.c:154:10:north_game_power	32	static	north_game
src/north_game.c:201:11:north_game_draw_actors	32	static	north_game
src/north_game.c:57:5:north_puzzle_step	32	static	north_game
src/northern_powers.c:367:13:particle	32	static	northern_powers
src/northern_powers.c:370:13:mark	32	static	northern_powers
src/progression.c:237:13:draw_form	32	static	progression
src/progression_evolution_job.inc:96:13:evolution_prepare_step	32	static	progression
src/quickparty.c:32:5:quickparty_cycle	32	static	quickparty
src/quickparty.c:67:6:quickparty_draw_journal	32	static	quickparty
src/save5.c:162:5:save5_campaign_validate	32	static	save5
src/save5.c:623:12:quest_equipment_validate	32	static	save5
src/save5.c:837:12:history_equipment_refs_validate	32	static	save5
src/south_game.c:374:17:trial_power	32	static	south_game
src/south_game_draw.inc:2:11:south_game_draw_actors	32	static	south_game
src/south_rest_job.inc:21:10:south_game_request_rest	32	static	south_game
src/southern_powers.c:131:12:confirmed_hurt	32	static	southern_powers
src/southern_powers.c:303:10:southern_powers_windup	32	static	southern_powers
src/southern_powers.c:495:13:draw_checked	32	static	southern_powers
src/southern_quests.c:136:5:southern_discover	32	static	southern_quests
src/trials.c:71:13:hint	32	static	trials
src/underwater_game.c:113:13:refresh_branches	32	static	underwater_game
src/underwater_game.c:121:10:underwater_game_enter	32	static	underwater_game
src/underwater_game.c:127:18:rest	32	static	underwater_game
src/underwater_game.c:130:17:recruit	32	static	underwater_game
src/underwater_game.c:131:18:discover	32	static	underwater_game
src/underwater_game.c:231:5:underwater_game_field_target	32	static	underwater_game
src/underwater_game.c:69:18:claim	32	static	underwater_game
src/underwater_game.c:80:19:underwater_puzzle_solid	32	static	underwater_game
src/underwater_game.c:86:5:underwater_puzzle_toggle	32	static	underwater_game
src/underwater_game_draw.inc:7:11:underwater_game_draw_actors	32	static	underwater_game
src/underwater_powers.c:401:13:hurt	32	static	underwater_powers
src/underwater_quests.c:138:5:underwater_discover	32	static	underwater_quests
src/underwater_quests.c:187:5:underwater_trial_status	32	static	underwater_quests
src/underwater_trials.inc:11:18:start_trial_proof	32	static	underwater_game
src/underwater_trials.inc:14:18:trial_finish	32	static	underwater_game
src/underwater_trials.inc:33:17:trial_cast	32	static	underwater_game
src/weapon_actions.c:38:10:weapon_action_tick	32	static	weapon_actions
src/game.c:334:11:append_scene	28	static	game
src/magma_game.c:79:13:reset_scene	28	static	magma_game
src/underwater_trials.inc:9:12:participant	28	static	underwater_game
src/creatures.c:1374:12:coverage_add	24	static	creatures
src/creatures.c:1466:30:creatures_admission_query_evolution	24	static	creatures
src/creatures.c:1500:13:creatures_party_capabilities	24	static	creatures
src/creatures.c:1529:5:creatures_party_supports_capability	24	static	creatures
src/creatures.c:1665:5:creatures_add_xp	24	static	creatures
src/creatures.c:1672:5:creatures_equip	24	static	creatures
src/creatures.c:1769:10:creatures_can_evolve_to	24	static	creatures
src/creatures.c:1774:10:creatures_can_evolve	24	static	creatures
src/creatures.c:1780:10:creatures_can_evolve_roster_to	24	static	creatures
src/creatures.c:1811:10:creatures_evolve_to	24	static	creatures
src/creatures.c:1819:10:creatures_evolve	24	static	creatures
src/creatures.c:555:5:creatures_command_learned_revision	24	static	creatures
src/equipment.c:100:5:equipment_refs_validate	24	static	equipment
src/equipment.c:294:10:equipment_equip	24	static	equipment
src/equipment.c:307:10:equipment_unequip	24	static	equipment
src/game.c:238:6:obj_sprite	24	static	game
src/game.c:258:11:region_form_actor	24	static	game
src/game.c:260:11:game_region_warp	24	static	game
src/game.c:341:11:spawn_enemies	24	static	game
src/game.c:420:10:trial_event	24	static	game
src/game.c:485:11:game_geometry_sync	24	static	game
src/game.c:582:11:draw_map	24	static	game
src/game.c:591:11:render_static	24	static	game
src/gear_runtime.c:157:6:game_draw_enemy_phase	24	static	gear_runtime
src/magma_game.c:119:18:check_slide	24	static	magma_game
src/magma_game.c:73:12:field	24	static	magma_game
src/magma_game.c:76:17:recruit	24	static	magma_game
src/magma_game_draw.inc:5:11:magma_game_draw_actors	24	static	magma_game
src/magma_powers.c:142:12:hurt	24	static	magma_powers
src/magma_powers.c:181:5:magma_powers_feedback	24	static	magma_powers
src/magma_puzzle.inc:15:12:raw_prop_wall	24	static	magma_game
src/magma_quests.c:178:5:magma_branch_status	24	static	magma_quests
src/magma_quests.c:81:5:magma_quest_available	24	static	magma_quests
src/north_game.c:177:10:north_game_weapon_hit	24	static	north_game
src/north_game.c:214:11:north_game_draw_overlay	24	static	north_game
src/north_game.c:78:10:north_game_enter	24	static	north_game
src/north_game.c:95:18:puzzle_action	24	static	north_game
src/north_game.c:99:10:north_game_interact	24	static	north_game
src/northern_powers.c:397:6:northern_powers_draw	24	static	northern_powers
src/progression.c:122:6:progression_select	24	static	progression
src/progression.c:242:6:progression_draw_tab	24	static	progression
src/progression.c:320:6:progression_confirm_input	24	static	progression
src/progression_evolution_job.inc:17:12:evolution_participant_matches	24	static	progression
src/quickparty.c:43:5:quickparty_assign	24	static	quickparty
src/quickparty.c:56:5:quickparty_menu_input	24	static	quickparty
src/quickparty.c:66:6:quickparty_draw	24	static	quickparty
src/region_game.c:125:10:region_game_practice_hit	24	static	region_game
src/region_game.c:132:17:four_wishes	24	static	region_game
src/region_game.c:145:10:region_game_interact	24	static	region_game
src/region_game.c:320:11:region_game_draw_actors	24	static	region_game
src/region_game.c:73:18:complete	24	static	region_game
src/region_game.c:85:11:region_game_reset	24	static	region_game
src/region_game.c:95:10:region_game_enter	24	static	region_game
src/save5.c:299:12:quest_objective_validate	24	static	save5
src/save5.c:573:13:magma_instance_evidence	24	static	save5
src/save5.c:792:17:history_southern_evidence	24	static	save5
src/save5_underwater_policy.inc:27:13:underwater_instance_evidence	24	static	save5
src/south_game.c:236:10:south_game_enter	24	static	south_game
src/south_game.c:275:18:mechanism	24	static	south_game
src/south_game.c:307:17:recruit	24	static	south_game
src/south_game.c:324:17:begin_trial	24	static	south_game
src/south_game.c:670:10:south_game_weapon_hit	24	static	south_game
src/south_game.c:681:11:south_game_tick	24	static	south_game
src/south_rest_job.inc:54:10:south_game_commit_rest	24	static	south_game
src/southern_powers.c:117:6:southern_powers_reset	24	static	southern_powers
src/southern_powers.c:138:12:hurt.constprop	24	static	southern_powers
src/southern_powers.c:69:12:cached_sight	24	static	southern_powers
src/southern_powers.c:77:13:relative	24	static	southern_powers
src/southern_quests.c:67:5:southern_quest_available	24	static	southern_quests
src/trials.c:27:5:trials_done	24	static	trials
src/trials.c:28:5:trials_complete	24	static	trials
src/trials.c:44:5:trials_interact	24	static	trials
src/underwater_engine.inc:9:11:event_step	24	static	game
src/underwater_game.c:138:17:reset_interact	24	static	underwater_game
src/underwater_game.c:140:17:toggle_main	24	static	underwater_game
src/underwater_game.c:141:10:underwater_game_interact	24	static	underwater_game
src/underwater_game.c:238:10:underwater_game_weapon_hit	24	static	underwater_game
src/underwater_game.c:76:13:clear_trial	24	static	underwater_game
src/underwater_powers.c:122:13:mark	24	static	underwater_powers
src/underwater_powers.c:123:13:local_mark.part.0	24	static	underwater_powers
src/underwater_powers.c:61:12:blocked	24	static	underwater_powers
src/underwater_quests.c:149:5:underwater_source_status	24	static	underwater_quests
src/underwater_trials.inc:8:13:trial_point	24	static	underwater_game
src/weapon_actions.c:93:5:weapon_action_contains	24	static	weapon_actions
src/creature_admission_job.inc:25:13:creatures_admission_job_begin	20	static	creatures
src/game.c:333:11:show_scene	20	static	game
src/gear_runtime.c:127:13:partial_heart	20	static	gear_runtime
src/gear_runtime.c:63:6:game_enemy_health_reset	20	static	gear_runtime
src/magma_game.c:54:12:npc_close	20	static	magma_game
src/magma_powers.c:99:13:path_set.part.0	20	static	magma_powers
src/northern_powers.c:115:5:northern_powers_busy	20	static	northern_powers
src/progression.c:176:5:progression_is_sanctuary	20	static	progression
src/save5.c:310:12:quest_reward_validate	20	static	save5
src/save5.c:545:12:southern_sources_validate.isra	20	static	save5
src/south_game.c:220:18:reset_scene	20	static	south_game
src/south_game.c:65:12:npc_close	20	static	south_game
src/southern_powers.c:341:12:might_near	20	static	southern_powers
src/weapon_actions.c:17:17:begin.isra	20	static	weapon_actions
src/combat_rules.c:11:10:combat_damage_q4	16	static	combat_rules
src/creatures.c:1458:30:creatures_admission_query_grant	16	static	creatures
src/creatures.c:1680:5:creatures_select_command	16	static	creatures
src/creatures.c:1714:5:creatures_mark_trial	16	static	creatures
src/creatures.c:798:10:creatures_level_for_xp	16	static	creatures
src/creatures.c:826:26:creatures_evolution_at	16	static	creatures
src/creatures.c:831:26:creatures_evolution_to	16	static	creatures
src/equipment.c:166:10:equipment_find	16	static	equipment
src/game.c:131:11:companion_form_pixels	16	static	game
src/game.c:162:6:centered	16	static	game
src/game.c:171:6:spr	16	static	game
src/game.c:257:10:game_magma_actor_overlap	16	static	game
src/game.c:335:11:finish_dialogue	16	static	game
src/game.c:336:6:camera_update.part.0	16	static	game
src/game.c:415:11:damage_amount	16	static	game
src/game.c:446:10:southern_ferry_interact	16	static	game
src/game.c:451:10:magma_lift_interact	16	static	game
src/game.c:452:5:try_interaction	16	static	game
src/game.c:461:6:kill_enemy	16	static	game
src/game.c:674:5:in_rect	16	static	game
src/gear_runtime.c:47:6:game_health_refresh	16	static	gear_runtime
src/gear_runtime.c:59:6:game_health_hurt	16	static	gear_runtime
src/gear_runtime.c:73:6:game_boss_hurt	16	static	gear_runtime
src/gear_runtime.c:82:12:chapter_target	16	static	gear_runtime
src/magma_game.c:109:18:rest	16	static	magma_game
src/magma_game.c:209:10:magma_game_target	16	static	magma_game
src/magma_game.c:212:10:magma_game_command_hit	16	static	magma_game
src/magma_game.c:213:11:magma_game_tick	16	static	magma_game
src/magma_game.c:224:10:magma_game_quest_text	16	static	magma_game
src/magma_game.c:62:18:say	16	static	magma_game
src/magma_game.c:66:18:claim	16	static	magma_game
src/magma_game.c:69:18:talk	16	static	magma_game
src/magma_game.c:75:12:has_branch	16	static	magma_game
src/magma_game.c:88:5:magma_game_solid	16	static	magma_game
src/magma_game.c:91:17:door	16	static	magma_game
src/magma_powers.c:186:5:magma_powers_can_aim	16	static	magma_powers
src/magma_powers.c:301:6:magma_powers_tick	16	static	magma_powers
src/magma_powers.c:70:12:live_window	16	static	magma_powers
src/magma_puzzle.inc:12:5:magma_puzzle_position	16	static	magma_game
src/magma_quests.c:144:5:magma_discover	16	static	magma_quests
src/magma_quests.c:158:5:magma_source_status	16	static	magma_quests
src/magma_quests.c:27:12:grant_status	16	static	magma_quests
src/magma_quests.c:51:10:magma_context	16	static	magma_quests
src/magma_quests.c:58:5:magma_can_enter	16	static	magma_quests
src/magma_quests.c:67:5:magma_visit	16	static	magma_quests
src/magma_quests.c:74:5:magma_anchor	16	static	magma_quests
src/magma_quests.c:88:5:magma_quest_offer	16	static	magma_quests
src/magma_return_job.inc:45:15:magma_game_prepare_return	16	static	magma_game
src/magma_return_job.inc:61:10:magma_game_commit_return	16	static	magma_game
src/magma_trials.inc:30:18:trial_slide	16	static	magma_game
src/north_game.c:182:11:north_game_tick	16	static	north_game
src/north_game.c:194:10:north_game_quest_text	16	static	north_game
src/north_game.c:43:18:say	16	static	north_game
src/north_game.c:94:17:door	16	static	north_game
src/northern_powers.c:330:5:northern_powers_feedback	16	static	northern_powers
src/northern_quests.c:15:5:northern_visit	16	static	northern_quests
src/northern_quests.c:31:5:northern_quest_offer	16	static	northern_quests
src/northern_quests.c:7:5:northern_can_enter	16	static	northern_quests
src/progression.c:135:6:progression_new	16	static	progression
src/progression.c:145:6:progression_story	16	static	progression
src/progression.c:160:10:progression_evolution_context	16	static	progression
src/progression.c:211:12:reason_id	16	static	progression
src/progression.c:359:6:progression_draw_evolution	16	static	progression
src/progression.c:70:19:progression_selected	16	static	progression
src/progression_evolution_job.inc:26:12:evolution_request_matches	16	static	progression
src/progression_evolution_job.inc:68:13:evolution_prepare	16	static	progression
src/progression_evolution_job.inc:85:13:evolution_candidate_done	16	static	progression
src/quickparty.c:27:26:member	16	static	quickparty
src/quickparty.c:34:5:quickparty_update	16	static	quickparty
src/region_game.c:307:10:region_game_quest_text	16	static	region_game
src/region_game.c:70:18:say	16	static	region_game
src/regional_powers.c:22:6:regional_powers_reset	16	static	regional_powers
src/regional_quests.c:14:5:regional_visit	16	static	regional_quests
src/regional_quests.c:34:5:regional_quest_offer	16	static	regional_quests
src/regional_quests.c:50:5:regional_quest_variable	16	static	regional_quests
src/regional_quests.c:95:5:regional_claim_rack	16	static	regional_quests
src/save4.c:61:10:save4_crc16	16	static	save4
src/save5.c:1389:5:save5_begin	16	static	save5
src/save5.c:359:12:magma_quest_campaign_validate	16	static	save5
src/save5_preflight.inc:18:10:save5_preflight_begin	16	static	save5
src/save5_underwater_policy.inc:3:12:underwater_quest_campaign_validate	16	static	save5
src/south_game.c:132:5:south_puzzle_step	16	static	south_game
src/south_game.c:268:17:door	16	static	south_game
src/south_game.c:634:10:south_game_power	16	static	south_game
src/south_game.c:723:10:south_game_quest_text	16	static	south_game
src/south_game.c:92:18:say	16	static	south_game
src/south_rest_job.inc:41:15:south_game_prepare_rest	16	static	south_game
src/southern_powers.c:212:5:southern_powers_can_aim	16	static	southern_powers
src/southern_powers.c:280:5:southern_powers_feedback	16	static	southern_powers
src/southern_powers.c:97:5:southern_powers_companion_pose	16	static	southern_powers
src/southern_quests.c:16:12:town	16	static	southern_quests
src/southern_quests.c:36:10:southern_context	16	static	southern_quests
src/southern_quests.c:43:5:southern_can_enter	16	static	southern_quests
src/southern_quests.c:52:5:southern_visit	16	static	southern_quests
src/southern_quests.c:60:5:southern_anchor	16	static	southern_quests
src/southern_quests.c:71:5:southern_quest_offer	16	static	southern_quests
src/underwater_engine.inc:21:10:underwater_portal_interact	16	static	game
src/underwater_events.inc:10:18:event_present	16	static	underwater_game
src/underwater_game.c:114:13:reset_scene	16	static	underwater_game
src/underwater_game.c:123:17:door	16	static	underwater_game
src/underwater_game.c:132:17:source_invite.constprop	16	static	underwater_game
src/underwater_game.c:230:10:underwater_game_action_begin	16	static	underwater_game
src/underwater_game.c:62:17:state	16	static	underwater_game
src/underwater_game.c:65:18:persist	16	static	underwater_game
src/underwater_game.c:66:18:say	16	static	underwater_game
src/underwater_game.c:95:19:underwater_game_solid	16	static	underwater_game
src/underwater_powers.c:106:6:underwater_powers_reset	16	static	underwater_powers
src/underwater_powers.c:160:12:filled	16	static	underwater_powers
src/underwater_powers.c:412:12:moved_honestly	16	static	underwater_powers
src/underwater_powers.c:439:5:underwater_powers_can_aim	16	static	underwater_powers
src/underwater_powers.c:467:5:underwater_powers_feedback	16	static	underwater_powers
src/underwater_powers.c:93:12:window	16	static	underwater_powers
src/underwater_powers.c:97:5:underwater_powers_companion_pose	16	static	underwater_powers
src/underwater_quests.c:168:5:underwater_branch_status	16	static	underwater_quests
src/underwater_quests.c:18:12:grant_status	16	static	underwater_quests
src/underwater_quests.c:40:10:underwater_context	16	static	underwater_quests
src/underwater_quests.c:47:5:underwater_can_enter	16	static	underwater_quests
src/underwater_quests.c:56:5:underwater_visit	16	static	underwater_quests
src/underwater_quests.c:63:5:underwater_anchor	16	static	underwater_quests
src/underwater_quests.c:71:5:underwater_quest_available	16	static	underwater_quests
src/underwater_quests.c:79:5:underwater_quest_offer	16	static	underwater_quests
src/underwater_trials.inc:16:17:trial_manual	16	static	underwater_game
src/underwater_trials.inc:55:17:trial_interact	16	static	underwater_game
src/weapon_actions.c:113:5:weapon_arrow_spawn	16	static	weapon_actions
src/creatures.c:1352:10:creatures_terminal_family	12	static	creatures
src/creatures.c:1352:10:creatures_terminal_family.part.0	12	static	creatures
src/creatures.c:1361:10:creatures_terminal_mask	12	static	creatures
src/creatures.c:547:10:creatures_trial_allowed_mask	12	static	creatures
src/creatures.c:650:10:creatures_trial_mask_for_key	12	static	creatures
src/creatures.c:657:12:trial_subset_valid	12	static	creatures
src/creatures.c:762:5:creatures_supports_capability	12	static	creatures
src/creatures.c:807:5:creatures_command_learned	12	static	creatures
src/creatures.c:818:10:creatures_evolution_count	12	static	creatures
src/game.c:259:10:game_region_entry_safe	12	static	game
src/game.c:327:11:make_save	12	static	game
src/game.c:459:5:sword_hits	12	static	game
src/game.c:460:6:impact	12	static	game
src/magma_game.c:50:5:magma_game_spawn	12	static	magma_game
src/magma_powers.c:82:6:magma_powers_enemy_spawn	12	static	magma_powers
src/north_game.c:176:10:north_game_target	12	static	north_game
src/north_game.c:72:11:north_game_reset	12	static	north_game
src/progression_events.c:9:10:progression_encounter_event	12	static	progression_events
src/save5.c:121:10:save5_crc32	12	static	save5
src/save5.c:292:5:save5_quest_set_state	12	static	save5
src/save5.c:694:12:history_objective_validate	12	static	save5
src/save5_preflight.inc:37:5:save5_preflight_matches	12	static	save5
src/south_game.c:664:10:south_game_target	12	static	south_game
src/southern_powers.c:101:6:southern_powers_enemy_spawn	12	static	southern_powers
src/underwater_game.c:237:5:underwater_game_target	12	static	underwater_game
src/underwater_game.c:61:5:underwater_game_spawn	12	static	underwater_game
src/underwater_game.c:79:19:underwater_game_geometry_solid	12	static	underwater_game
src/underwater_quests.c:130:10:underwater_discovery_state	12	static	underwater_quests
src/weapon_actions.c:109:5:weapon_action_mark_hit	12	static	weapon_actions
src/combat_rules.c:5:10:combat_phase_multiplier_q8	8	static	combat_rules
src/creature_admission_job.inc:118:30:creatures_admission_job_result	8	static	creatures
src/creatures.c:1161:5:creatures_party_validate	8	static	creatures
src/creatures.c:1212:10:creatures_roster_count	8	static	creatures
src/creatures.c:1735:5:creatures_mark_trial_qualified	8	static	creatures
src/creatures.c:1741:5:creatures_has_trial_qualified	8	static	creatures
src/creatures.c:1828:10:creatures_defer_evolution	8	static	creatures
src/creatures.c:528:38:revision_policy_for_id	8	static	creatures
src/creatures.c:543:5:creatures_form_allowed_revision	8	static	creatures
src/creatures.c:571:10:creatures_family_revision	8	static	creatures
src/creatures.c:579:10:creatures_legacy_spirit_revision	8	static	creatures
src/creatures.c:704:5:creatures_has_capability	8	static	creatures
src/creatures.c:780:10:creatures_phase_multiplier_q8	8	static	creatures
src/creatures.c:841:26:creatures_evolution	8	static	creatures
src/equipment.c:160:10:equipment_count	8	static	equipment
src/equipment.c:92:5:equipment_record_validate	8	static	equipment
src/game.c:132:11:companion_pixels	8	static	game
src/game.c:134:5:world_width	8	static	game
src/game.c:135:5:world_height	8	static	game
src/game.c:136:10:room_name	8	static	game
src/game.c:143:7:memcpy	8	static	game
src/game.c:144:6:pix	8	static	game
src/game.c:252:11:region_actor	8	static	game
src/game.c:253:11:north_actor	8	static	game
src/game.c:254:11:south_actor	8	static	game
src/game.c:255:11:underwater_actor	8	static	game
src/game.c:256:11:magma_actor	8	static	game
src/game.c:326:6:addpage	8	static	game
src/game.c:328:11:save_at	8	static	game
src/game.c:329:11:save_game	8	static	game
src/game.c:330:10:check_save	8	static	game
src/game.c:332:11:save_frame	8	static	game
src/game.c:336:6:camera_update	8	static	game
src/game.c:390:11:update_title	8	static	game
src/game.c:416:6:damage_phase	8	static	game
src/game.c:417:11:game_north_hurt	8	static	game
src/game.c:418:6:damage	8	static	game
src/game.c:458:6:sword	8	static	game
src/game.c:587:11:draw_companion_journal	8	static	game
src/game.c:589:11:draw_save_failure_notice	8	static	game
src/game.c:590:10:southern_hint_text	8	static	game
src/game.c:668:11:boss_reward	8	static	game
src/game.c:722:14:cycle_now	8	static	game
src/gear_runtime.c:108:12:arrow_solid	8	static	gear_runtime
src/gear_runtime.c:126:6:game_arrows_update	8	static	gear_runtime
src/gear_runtime.c:46:10:game_gear_busy	8	static	gear_runtime
src/gear_runtime.c:53:6:game_gear_apply	8	static	gear_runtime
src/gear_runtime.c:54:6:game_health_fill	8	static	gear_runtime
src/gear_runtime.c:77:10:game_companion_phase	8	static	gear_runtime
src/gear_runtime.c:79:6:game_attacks_suspend	8	static	gear_runtime
src/magma_creature_art.c:53:22:magma_creature_art_ability_frame	8	static	magma_creature_art
src/magma_game.c:117:12:participant	8	static	magma_game
src/magma_game.c:120:17:begin_grab	8	static	magma_game
src/magma_game.c:208:10:magma_game_action_begin	8	static	magma_game
src/magma_game.c:53:12:close	8	static	magma_game
src/magma_game.c:61:18:persist	8	static	magma_game
src/magma_game.c:63:17:offer	8	static	magma_game
src/magma_game.c:64:17:objective	8	static	magma_game
src/magma_game.c:65:18:result	8	static	magma_game
src/magma_game.c:70:25:active	8	static	magma_game
src/magma_game.c:74:17:wrong	8	static	magma_game
src/magma_game.c:77:18:discover	8	static	magma_game
src/magma_game.c:83:11:magma_game_reset	8	static	magma_game
src/magma_game.c:84:5:magma_game_can_enter	8	static	magma_game
src/magma_game_draw.inc:32:10:magma_game_menu_input	8	static	magma_game
src/magma_game_draw.inc:3:13:ma	8	static	magma_game
src/magma_game_draw.inc:4:13:mf	8	static	magma_game
src/magma_powers.c:180:5:magma_power	8	static	magma_powers
src/magma_powers.c:187:10:magma_powers_hint	8	static	magma_powers
src/magma_powers.c:66:12:ordinary	8	static	magma_powers
src/magma_powers.c:78:5:magma_powers_cast_matches_selected	8	static	magma_powers
src/magma_puzzle.inc:3:5:magma_game_geometry_solid	8	static	magma_game
src/magma_quests.c:105:10:magma_recruit_level	8	static	magma_quests
src/magma_quests.c:197:10:magma_trial_aid	8	static	magma_quests
src/magma_quests.c:45:5:magma_source_claimed	8	static	magma_quests
src/magma_return_job.inc:17:6:magma_game_cancel_return	8	static	magma_game
src/north_game.c:153:17:wrong	8	static	north_game
src/north_game.c:200:10:north_game_menu_input	8	static	north_game
src/north_game.c:42:18:persist	8	static	north_game
src/north_game.c:44:17:offer	8	static	north_game
src/north_game.c:45:18:objective	8	static	north_game
src/north_game.c:46:18:claim	8	static	north_game
src/north_game.c:52:18:talk	8	static	north_game
src/north_game.c:84:5:north_game_solid	8	static	north_game
src/northern_creature_art.c:31:22:northern_creature_art_ability_frame	8	static	northern_creature_art
src/northern_powers.c:110:5:northern_powers_shot_is_reflected	8	static	northern_powers
src/northern_quests.c:19:5:northern_anchor	8	static	northern_quests
src/northern_quests.c:24:5:northern_quest_available	8	static	northern_quests
src/northern_quests.c:47:10:northern_recruit_level	8	static	northern_quests
src/progression.c:102:13:synchronize_selection	8	static	progression
src/progression.c:144:5:progression_load	8	static	progression
src/progression.c:152:6:progression_encounter	8	static	progression
src/progression.c:156:5:progression_field	8	static	progression
src/progression.c:157:10:progression_command	8	static	progression
src/progression.c:158:5:progression_save_begin	8	static	progression
src/progression.c:159:5:progression_save_step	8	static	progression
src/progression.c:191:5:progression_name_id	8	static	progression
src/progression.c:366:6:progression_evolution_tick	8	static	progression
src/progression.c:49:10:progression_form_spirit	8	static	progression
src/progression.c:77:10:progression_current_form	8	static	progression
src/progression.c:78:10:progression_current_spirit	8	static	progression
src/progression_evolution_job.inc:33:13:evolution_release	8	static	progression
src/progression_evolution_job.inc:43:6:progression_evolution_cancel	8	static	progression
src/progression_evolution_job.inc:50:13:evolution_choice_refresh	8	static	progression
src/quickparty.c:30:13:synchronize.part.0	8	static	quickparty
src/quickparty.c:31:5:quickparty_select	8	static	quickparty
src/region_game.c:124:10:region_game_target	8	static	region_game
src/region_game.c:136:17:rest_here	8	static	region_game
src/region_game.c:140:17:try_door.constprop	8	static	region_game
src/region_game.c:141:17:reset_interaction	8	static	region_game
src/region_game.c:224:17:wrong	8	static	region_game
src/region_game.c:319:10:region_game_menu_input	8	static	region_game
src/region_game.c:69:18:persist	8	static	region_game
src/region_game.c:71:17:offer	8	static	region_game
src/region_game.c:72:18:objective	8	static	region_game
src/region_game.c:74:18:claim_scene	8	static	region_game
src/regional_creature_art.c:19:22:regional_creature_art_ability_frame	8	static	regional_creature_art
src/regional_quests.c:20:5:regional_anchor	8	static	regional_quests
src/regional_quests.c:26:5:regional_quest_available	8	static	regional_quests
src/regional_quests.c:8:5:regional_can_enter	8	static	regional_quests
src/save5.c:1379:5:save5_load	8	static	save5
src/save5.c:1384:5:save5_has_valid	8	static	save5
src/save5.c:1529:5:save5_store	8	static	save5
src/save5.c:783:17:history_retained_evidence	8	static	save5
src/save5.c:830:12:history_equipment_record_validate	8	static	save5
src/south_game.c:100:18:objective	8	static	south_game
src/south_game.c:104:18:claim	8	static	south_game
src/south_game.c:117:18:talk	8	static	south_game
src/south_game.c:156:10:south_puzzle_beam	8	static	south_game
src/south_game.c:214:5:south_puzzle_solved	8	static	south_game
src/south_game.c:233:11:south_game_reset	8	static	south_game
src/south_game.c:255:5:south_game_solid	8	static	south_game
src/south_game.c:255:5:south_game_solid.part.0	8	static	south_game
src/south_game.c:289:25:active	8	static	south_game
src/south_game.c:299:17:wrong	8	static	south_game
src/south_game.c:302:18:discovery	8	static	south_game
src/south_game.c:59:12:close	8	static	south_game
src/south_game.c:754:10:south_game_menu_input	8	static	south_game
src/south_game.c:85:18:persist	8	static	south_game
src/south_game.c:96:17:offer	8	static	south_game
src/south_rest_job.inc:15:6:south_game_cancel_rest	8	static	south_game
src/southern_creature_art.c:46:22:southern_creature_art_ability_frame	8	static	southern_creature_art
src/southern_powers.c:215:10:southern_powers_hint	8	static	southern_powers
src/southern_powers.c:279:5:southern_power	8	static	southern_powers
src/southern_powers.c:93:5:southern_powers_cast_matches_selected	8	static	southern_powers
src/southern_quests.c:11:12:gate	8	static	southern_quests
src/southern_quests.c:30:5:southern_source_claimed	8	static	southern_quests
src/southern_quests.c:88:10:southern_recruit_level	8	static	southern_quests
src/trials.c:36:6:trials_enter	8	static	trials
src/trials.c:37:5:trials_solid	8	static	trials
src/underwater_engine.inc:22:10:underwater_hint_text	8	static	game
src/underwater_engine.inc:3:10:event_frame	8	static	game
src/underwater_game.c:115:6:underwater_game_cancel_event	8	static	underwater_game
src/underwater_game.c:116:11:underwater_game_reset	8	static	underwater_game
src/underwater_game.c:117:6:underwater_game_selection_changed	8	static	underwater_game
src/underwater_game.c:118:5:underwater_game_can_enter	8	static	underwater_game
src/underwater_game.c:122:10:underwater_game_enemy_spawns	8	static	underwater_game
src/underwater_game.c:133:17:repeat_invite	8	static	underwater_game
src/underwater_game.c:137:13:reset_point	8	static	underwater_game
src/underwater_game.c:262:10:underwater_game_quest_text	8	static	underwater_game
src/underwater_game.c:57:12:close	8	static	underwater_game
src/underwater_game.c:73:18:talk	8	static	underwater_game
src/underwater_game.c:78:6:underwater_puzzle_reset	8	static	underwater_game
src/underwater_game_draw.inc:1:13:ua	8	static	underwater_game
src/underwater_game_draw.inc:2:13:uf	8	static	underwater_game
src/underwater_game_draw.inc:62:10:underwater_game_menu_input	8	static	underwater_game
src/underwater_powers.c:104:12:ordinary	8	static	underwater_powers
src/underwater_powers.c:112:6:underwater_powers_enemy_spawn	8	static	underwater_powers
src/underwater_powers.c:268:17:geometry_key	8	static	underwater_powers
src/underwater_powers.c:440:10:underwater_powers_hint	8	static	underwater_powers
src/underwater_powers.c:441:5:underwater_powers_input	8	static	underwater_powers
src/underwater_powers.c:95:5:underwater_powers_cast_matches_selected	8	static	underwater_powers
src/underwater_quests.c:35:5:underwater_source_claimed	8	static	underwater_quests
src/underwater_quests.c:96:10:underwater_recruit_level	8	static	underwater_quests
src/underwater_transactions.inc:44:6:underwater_job_cancel	8	static	underwater_quests
src/underwater_trials.inc:15:18:trial_changed	8	static	underwater_game
src/advanced_powers.c:22:6:advanced_reset	0	static	advanced_powers
src/combat_rules.c:28:5:combat_field_allows	0	static	combat_rules
src/creature_admission_job.inc:19:10:creatures_admission_job_bytes	0	static	creatures
src/creature_admission_job.inc:22:6:creatures_admission_job_cancel	0	static	creatures
src/creature_data.c:563:13:creatures_name	0	static	creature_data
src/creature_data.c:658:13:creatures_ability_name	0	static	creature_data
src/creatures.c:1204:6:creatures_roster_init	0	static	creatures
src/creatures.c:1412:5:creatures_admission_allowed	0	static	creatures
src/creatures.c:1685:6:creatures_begin_expedition	0	static	creatures
src/creatures.c:336:36:family_policy_for_id	0	static	creatures
src/creatures.c:362:10:creatures_family_trial	0	static	creatures
src/creatures.c:679:5:creatures_form_id_valid	0	static	creatures
src/creatures.c:680:21:creatures_form	0	static	creatures
src/creatures.c:687:24:creatures_ability	0	static	creatures
src/creatures.c:694:10:creatures_legacy_spirit	0	static	creatures
src/creatures.c:700:13:creatures_capabilities	0	static	creatures
src/creatures.c:788:10:creatures_generated_phase	0	static	creatures
src/creatures.c:792:13:creatures_xp_threshold	0	static	creatures
src/equipment.c:149:6:equipment_init	0	static	equipment
src/equipment.c:173:5:equipment_seen	0	static	equipment
src/equipment.c:176:10:equipment_reward_item	0	static	equipment
src/equipment.c:179:10:equipment_reward_source	0	static	equipment
src/equipment.c:185:5:equipment_reward_claimed	0	static	equipment
src/equipment.c:32:28:equipment_definition	0	static	equipment
src/equipment.c:37:24:equipment_weapon	0	static	equipment
src/equipment_data.c:54:13:equipment_name	0	static	equipment_data
src/equipment_data.c:97:13:equipment_description	0	static	equipment_data
src/evolution_art.c:15:22:evolution_art_frame	0	static	evolution_art
src/evolution_art.c:20:22:evolution_art_portrait	0	static	evolution_art
src/evolution_art.c:6:5:evolution_art_index	0	static	evolution_art
src/game.c:113:5:save_notice_visible	0	static	game
src/game.c:114:5:save_notice_left	0	static	game
src/game.c:129:10:progress_bits	0	static	game
src/game.c:130:5:boss_active	0	static	game
src/game.c:133:5:scrolling_room	0	static	game
src/game.c:140:37:sign	0	static	game
src/game.c:140:5:ab	0	static	game
src/game.c:140:73:near	0	static	game
src/game.c:141:6:zero	0	static	game
src/game.c:142:7:memset	0	static	game
src/game.c:173:6:copy_bg	0	static	game
src/game.c:247:6:sword_art	0	static	game
src/game.c:320:6:sound_init	0	static	game
src/game.c:321:6:sfx	0	static	game
src/game.c:322:6:music	0	static	game
src/game.c:323:6:toast	0	static	game
src/game.c:324:6:acknowledge_save_failure	0	static	game
src/game.c:325:6:dialogue	0	static	game
src/game.c:500:15:journal_page_count	0	static	game
src/game.c:610:5:boss_banner	0	static	game
src/game.c:646:6:boss_set_state	0	static	game
src/game.c:647:6:boss_expose	0	static	game
src/gear_menu.c:54:6:gear_menu_reset	0	static	gear_menu
src/gear_runtime.c:42:10:game_weapon_class	0	static	gear_runtime
src/gear_runtime.c:43:10:game_power_cooldown	0	static	gear_runtime
src/gear_runtime.c:44:10:game_gear_base_hp	0	static	gear_runtime
src/gear_runtime.c:45:10:game_gear_hp	0	static	gear_runtime
src/gear_runtime.c:55:6:game_health_heal	0	static	gear_runtime
src/gear_runtime.c:64:6:game_combat_tick	0	static	gear_runtime
src/gear_runtime.c:65:6:game_enemy_stagger	0	static	gear_runtime
src/gear_runtime.c:72:6:game_boss_health_set	0	static	gear_runtime
src/magma_creature_art.c:19:5:magma_creature_art_index	0	static	magma_creature_art
src/magma_creature_art.c:48:22:magma_creature_art_frame	0	static	magma_creature_art
src/magma_creature_art.c:58:22:magma_creature_art_portrait	0	static	magma_creature_art
src/magma_game.c:121:5:magma_game_grabbed	0	static	magma_game
src/magma_game.c:223:10:magma_game_name	0	static	magma_game
src/magma_game.c:48:5:magma_game_is_room	0	static	magma_game
src/magma_game.c:49:10:magma_game_spawn_count	0	static	magma_game
src/magma_game.c:89:6:magma_game_collision_inputs	0	static	magma_game
src/magma_game.c:90:10:magma_game_enemy_spawns	0	static	magma_game
src/magma_game.c:92:5:magma_game_save_prepare_pending	0	static	magma_game
src/magma_powers.c:75:6:magma_powers_geometry_changed	0	static	magma_powers
src/magma_powers.c:77:5:magma_powers_busy	0	static	magma_powers
src/magma_puzzle.inc:10:10:magma_puzzle_count	0	static	magma_game
src/magma_puzzle.inc:11:6:magma_puzzle_reset	0	static	magma_game
src/magma_puzzle.inc:41:5:magma_puzzle_charge	0	static	magma_game
src/magma_puzzle.inc:42:5:magma_puzzle_brace	0	static	magma_game
src/magma_puzzle.inc:43:5:magma_puzzle_solved	0	static	magma_game
src/magma_quests.c:139:10:magma_discovery_state	0	static	magma_quests
src/magma_quests.c:230:13:magma_result_message	0	static	magma_quests
src/magma_quests.c:32:10:magma_source_family	0	static	magma_quests
src/magma_quests.c:35:10:magma_source_form	0	static	magma_quests
src/magma_quests.c:38:10:magma_source_token_for_family	0	static	magma_quests
src/magma_quests.c:42:10:magma_source_aid	0	static	magma_quests
src/magma_quests.c:57:10:magma_quest_mask	0	static	magma_quests
src/magma_return_job.inc:12:12:magma_return_source_matches	0	static	magma_game
src/magma_return_job.inc:23:5:magma_game_return_pending	0	static	magma_game
src/north_game.c:193:10:north_game_name	0	static	north_game
src/north_game.c:53:5:north_game_is_room	0	static	north_game
src/north_game.c:71:5:north_puzzle_solved	0	static	north_game
src/northern_creature_art.c:11:5:northern_creature_art_index	0	static	northern_creature_art
src/northern_creature_art.c:26:22:northern_creature_art_frame	0	static	northern_creature_art
src/northern_creature_art.c:36:22:northern_creature_art_portrait	0	static	northern_creature_art
src/northern_powers.c:103:6:northern_powers_shot_spawn	0	static	northern_powers
src/northern_powers.c:81:10:northern_powers_tiles_owner	0	static	northern_powers
src/northern_powers.c:82:10:northern_powers_tiles_generation	0	static	northern_powers
src/northern_powers.c:83:5:northern_powers_tiles_claim	0	static	northern_powers
src/northern_powers.c:93:5:northern_powers_tiles_release	0	static	northern_powers
src/northern_quests.c:6:10:northern_quest_mask	0	static	northern_quests
src/progression_evolution_job.inc:49:5:progression_evolution_busy	0	static	progression
src/quickparty.c:33:6:quickparty_reset	0	static	quickparty
src/region_game.c:113:15:region_game_plate_mask	0	static	region_game
src/region_game.c:304:10:region_game_name	0	static	region_game
src/region_game.c:63:18:checkpoint	0	static	region_game
src/region_game.c:84:5:region_game_is_room	0	static	region_game
src/regional_creature_art.c:14:22:regional_creature_art_frame	0	static	regional_creature_art
src/regional_creature_art.c:24:22:regional_creature_art_portrait	0	static	regional_creature_art
src/regional_creature_art.c:6:5:regional_creature_art_index	0	static	regional_creature_art
src/regional_quests.c:7:10:regional_quest_mask	0	static	regional_quests
src/save4.c:72:10:save4_unlock_mask	0	static	save4
src/save4.c:80:10:save4_max_hp	0	static	save4
src/save5.c:1402:10:save5_status	0	static	save5
src/save5.c:1403:10:save5_progress	0	static	save5
src/save5.c:1404:10:save5_progress_total	0	static	save5
src/save5.c:288:10:save5_quest_state	0	static	save5
src/save5.c:645:32:history_item	0	static	save5
src/save5_preflight.inc:10:5:save5_preflight_active	0	static	save5
src/save5_preflight.inc:13:6:save5_preflight_cancel	0	static	save5
src/save5_preflight.inc:25:10:save5_preflight_status	0	static	save5
src/save5_preflight.inc:28:10:save5_preflight_phase	0	static	save5
src/save5_preflight.inc:31:19:save5_preflight_snapshot	0	static	save5
src/save5_preflight.inc:34:17:save5_preflight_equipment_stage	0	static	save5
src/south_game.c:122:10:south_game_enemy_spawns	0	static	south_game
src/south_game.c:128:5:south_game_is_room	0	static	south_game
src/south_game.c:720:10:south_game_name	0	static	south_game
src/south_rest_job.inc:10:12:south_rest_source_matches	0	static	south_game
src/south_rest_job.inc:20:5:south_game_rest_pending	0	static	south_game
src/southern_creature_art.c:16:5:southern_creature_art_index	0	static	southern_creature_art
src/southern_creature_art.c:41:22:southern_creature_art_frame	0	static	southern_creature_art
src/southern_creature_art.c:51:22:southern_creature_art_portrait	0	static	southern_creature_art
src/southern_powers.c:114:6:southern_powers_geometry_changed	0	static	southern_powers
src/southern_powers.c:92:5:southern_powers_busy	0	static	southern_powers
src/southern_quests.c:23:10:southern_source_family	0	static	southern_quests
src/southern_quests.c:26:10:southern_source_token_for_family	0	static	southern_quests
src/southern_quests.c:42:10:southern_quest_mask	0	static	southern_quests
src/trials.c:35:5:trials_is_room	0	static	trials
src/trials.c:38:5:trials_wind_solved	0	static	trials
src/trials.c:39:10:trials_plate_mask	0	static	trials
src/trials.c:43:5:trials_exit	0	static	trials
src/trials.c:59:5:trials_event_needs_save	0	static	trials
src/trials.c:60:22:trials_background	0	static	trials
src/trials.c:61:13:trials_room_name	0	static	trials
src/underwater_creature_art.c:21:5:underwater_creature_art_index	0	static	underwater_creature_art
src/underwater_creature_art.c:50:22:underwater_creature_art_frame	0	static	underwater_creature_art
src/underwater_creature_art.c:55:22:underwater_creature_art_ability_frame	0	static	underwater_creature_art
src/underwater_creature_art.c:60:22:underwater_creature_art_portrait	0	static	underwater_creature_art
src/underwater_events.inc:9:5:underwater_game_event_pending	0	static	underwater_game
src/underwater_game.c:112:6:underwater_game_collision_inputs	0	static	underwater_game
src/underwater_game.c:120:5:underwater_game_take_transition	0	static	underwater_game
src/underwater_game.c:125:5:underwater_game_save_prepare_pending	0	static	underwater_game
src/underwater_game.c:126:5:underwater_game_prepare_save	0	static	underwater_game
src/underwater_game.c:139:10:underwater_game_input	0	static	underwater_game
src/underwater_game.c:229:5:underwater_game_power	0	static	underwater_game
src/underwater_game.c:239:5:underwater_game_command_hit	0	static	underwater_game
src/underwater_game.c:261:10:underwater_game_name	0	static	underwater_game
src/underwater_game.c:59:5:underwater_game_is_room	0	static	underwater_game
src/underwater_game.c:60:10:underwater_game_spawn_count	0	static	underwater_game
src/underwater_game.c:94:5:underwater_puzzle_solved	0	static	underwater_game
src/underwater_powers.c:117:6:underwater_powers_geometry_changed	0	static	underwater_powers
src/underwater_powers.c:118:6:underwater_powers_selection_changed	0	static	underwater_powers
src/underwater_powers.c:94:5:underwater_powers_busy	0	static	underwater_powers
src/underwater_quests.c:184:10:underwater_trial_aid	0	static	underwater_quests
src/underwater_quests.c:212:13:underwater_result_message	0	static	underwater_quests
src/underwater_quests.c:23:10:underwater_source_family	0	static	underwater_quests
src/underwater_quests.c:26:10:underwater_source_form	0	static	underwater_quests
src/underwater_quests.c:29:10:underwater_source_token_for_family	0	static	underwater_quests
src/underwater_quests.c:32:10:underwater_source_aid	0	static	underwater_quests
src/underwater_quests.c:46:10:underwater_quest_mask	0	static	underwater_quests
src/underwater_transactions.inc:61:10:underwater_job_status	0	static	underwater_quests
src/underwater_transactions.inc:64:10:underwater_job_phase	0	static	underwater_quests
src/underwater_transactions.inc:67:5:underwater_job_result	0	static	underwater_quests
src/underwater_trials.inc:12:12:trial_geometry_ok.constprop	0	static	underwater_game
src/weapon_actions.c:104:5:weapon_action_can_hit	0	static	weapon_actions
src/weapon_actions.c:78:6:weapon_action_suspend	0	static	weapon_actions
src/weapon_actions.c:7:6:weapon_action_init	0	static	weapon_actions
src/weapon_actions.c:85:10:weapon_action_busy	0	static	weapon_actions
